name,rating,hours,categories,address
Back Bay Skincare & Spa,5 star rating,Closed;9:00 AM - 8:00 PM;9:00 AM - 8:00 PM;9:00 AM - 8:00 PM;9:00 AM - 6:00 PM;9:00 AM - 6:00 PM;Closed,Day Spas;Skin Care;Waxing,"509 Columbus Ave, Boston, MA 02118"
Trinity's Touch,4 star rating,10:00 AM - 7:00 PM;10:00 AM - 7:00 PM;10:00 AM - 7:00 PM;10:00 AM - 7:00 PM;10:00 AM - 7:00 PM;9:30 AM - 6:00 PM;Closed,Threading Services;Skin Care;Waxing,"1768 Massachusetts Ave, Cambridge, MA 02140"
The Spa at Mandarin Oriental,4.5 star rating,11:00 AM - 7:00 PM;Closed;Closed;11:00 AM - 7:00 PM;11:00 AM - 7:00 PM;11:00 AM - 7:00 PM;11:00 AM - 7:00 PM,Day Spas,"776 Boylston St, Boston, MA 02199"
Beauty Nails & Spa Cambridge,4.5 star rating,10:30 AM - 7:00 PM;10:30 AM - 7:00 PM;10:30 AM - 7:00 PM;9:30 AM - 7:30 PM;9:30 AM - 7:30 PM;9:30 AM - 7:30 PM;Closed,Nail Salons,"1766 Mass Ave, Cambridge, MA 02140"
Sway Spa,4.5 star rating,Closed;11:00 AM - 6:30 PM;11:00 AM - 6:30 PM;11:00 AM - 6:30 PM;11:00 AM - 6:30 PM;10:00 AM - 5:30 PM;Closed,Skin Care;Day Spas;Waxing,"485 Commonwealth Ave, Boston, MA 02215"
Encore Boston Harbor Spa,4 star rating,Closed;Closed;Closed;Closed;2:00 PM - 7:00 PM;10:00 AM - 7:00 PM;10:00 AM - 7:00 PM,Day Spas;Massage,"One Broadway, Everett, MA 02142"
Skin Spa New York - Back Bay,4.5 star rating,11:00 AM - 8:00 PM;11:00 AM - 8:00 PM;11:00 AM - 8:00 PM;11:00 AM - 8:00 PM;11:00 AM - 8:00 PM;11:00 AM - 8:00 PM;11:00 AM - 8:00 PM,Laser Hair Removal;Skin Care;Medical Spas,"284 Newbury St, Fl 3"
Le Visage Spa,5 star rating,Closed;9:30 AM - 6:00 PM;9:00 AM - 6:00 PM;9:30 AM - 7:00 PM;7:45 AM - 7:00 PM;9:00 AM - 5:00 PM;Closed,Day Spas;Massage;Skin Care,"125 Broad St, Boston, MA 02110"
C Spa,5 star rating,Closed;12:00 PM - 5:00 PM;Closed;12:00 PM - 5:00 PM;11:00 AM - 3:00 PM;11:00 AM - 3:00 PM;Closed,Skin Care;Massage;Hair Removal,"715 Boylston St, Fl 5"
Bella Santé Day Spa Med Spa,4 star rating,Closed;9:00 AM - 6:00 PM;9:00 AM - 6:00 PM;9:00 AM - 6:00 PM;9:00 AM - 6:00 PM;9:00 AM - 6:00 PM;9:00 AM - 6:00 PM,Day Spas;Massage;Medical Spas,"38 Newbury St, Boston, MA 02116"
Bliss Spa at W Boston,4 star rating,9:00 AM - 9:00 PM;9:00 AM - 9:00 PM;9:00 AM - 9:00 PM;9:00 AM - 9:00 PM;9:00 AM - 9:00 PM;9:00 AM - 9:00 PM;9:00 AM - 9:00 PM,Day Spas,"100 Stuart St, W Hotel"
Boston Massage Studio,5 star rating,8:00 AM - 9:00 PM;8:00 AM - 9:00 PM;8:00 AM - 9:00 PM;8:00 AM - 9:00 PM;8:00 AM - 9:00 PM;7:00 AM - 10:00 PM;7:00 AM - 10:00 PM,Massage;Massage Therapy,"651 Boylston St, Ste 2"
Viyada Thai Spa - Boylston,4.5 star rating,11:00 AM - 8:00 PM;11:00 AM - 8:00 PM;11:00 AM - 8:00 PM;11:00 AM - 8:00 PM;11:00 AM - 8:00 PM;10:00 AM - 8:00 PM;10:00 AM - 8:00 PM,Day Spas;Massage,"437 Boylston St, Fl 2"
G2O Spa & Salon,4 star rating,8:00 AM - 8:00 PM;8:00 AM - 8:00 PM;8:00 AM - 9:00 PM;8:00 AM - 9:00 PM;8:00 AM - 9:00 PM;8:00 AM - 6:00 PM;10:00 AM - 6:00 PM,Day Spas;Nail Salons;Hair Salons,"33 Exeter St, Boston, MA 02116"
Holistic Spa Therapy Center,4.5 star rating,9:00 AM - 9:00 PM;9:00 AM - 9:00 PM;9:00 AM - 9:00 PM;9:00 AM - 9:00 PM;9:00 AM - 9:00 PM;9:00 AM - 9:00 PM;9:00 AM - 9:00 PM,Massage;Day Spas,"195 Squire Rd, Fl 2"
VEGA Vitality,5 star rating,Closed;11:00 AM - 7:00 PM;10:00 AM - 6:00 PM;10:00 AM - 6:00 PM;10:00 AM - 6:00 PM;Closed;Closed,Medical Spas;Skin Care;Dermatologists,"551 Boylston St 4th, Fl 4"
Balans Organic Spa,4.5 star rating,11:00 AM - 8:00 PM;11:00 AM - 8:00 PM;11:00 AM - 8:00 PM;11:00 AM - 8:00 PM;11:00 AM - 7:30 PM;9:00 AM - 6:00 PM;11:00 AM - 5:00 PM,Day Spas;Skin Care;Massage,"216 Newbury St, Fl 1"
Total Skin Care,5 star rating,Closed;8:00 AM - 8:00 PM;8:00 AM - 6:00 PM;8:00 AM - 8:00 PM;8:00 AM - 6:00 PM;8:00 AM - 6:00 PM;Closed,Skin Care;Waxing,"623 Commonwealth Ave, Fl-3"
SOWA Medspa,5 star rating,Closed;11:00 AM - 6:00 PM;10:00 AM - 6:00 PM;11:00 AM - 8:00 PM;10:00 AM - 6:00 PM;10:00 AM - 4:00 PM;Closed,Medical Spas;IV Hydration;Hair Removal,"55 Dartmouth St, Boston, MA 02116"
Restorative Massages & Wellness,5 star rating,9:00 AM - 9:00 PM;9:00 AM - 9:00 PM;9:00 AM - 9:00 PM;9:00 AM - 9:00 PM;9:00 AM - 9:00 PM;9:00 AM - 9:00 PM;9:00 AM - 9:00 PM,Massage Therapy;Massage;Day Spas,"681 Washington St, Ste 17"
Shallow Goodale,5 star rating,Open 24 hours;Open 24 hours;Open 24 hours;Open 24 hours;Open 24 hours;Open 24 hours;Open 24 hours,Hair Salons,"3 Ames St, Cambridge, MA 02142"
Reiwatakiya - Boston,4.5 star rating,11:30 AM - 8:00 PM;11:30 AM - 8:00 PM;11:30 AM - 8:00 PM;11:30 AM - 8:00 PM;11:00 AM - 8:30 PM;11:00 AM - 8:30 PM;11:00 AM - 8:30 PM,Cosmetics & Beauty Supply,"330 Newbury St, Boston, MA 02115"
Skin & Body Works,4.5 star rating,Closed;8:00 AM - 8:00 PM;8:00 AM - 8:00 PM;8:00 AM - 8:00 PM;8:00 AM - 7:00 PM;10:00 AM - 4:00 PM;Closed,Skin Care;Waxing;Massage Therapy,"77 Holland St, Somerville, MA 02144"
exhale® Battery Wharf,4 star rating,9:00 AM - 7:30 PM;9:00 AM - 7:30 PM;9:00 AM - 7:30 PM;9:00 AM - 7:00 PM;9:00 AM - 7:00 PM;9:00 AM - 6:00 PM;9:00 AM - 6:00 PM,Day Spas;Barre Classes;Yoga,"2 Battery Wharf, Boston, MA 02109"
Rhyme of Korea,4.5 star rating,10:00 AM - 6:30 PM;10:00 AM - 6:30 PM;10:00 AM - 6:30 PM;10:00 AM - 6:30 PM;10:00 AM - 6:30 PM;10:00 AM - 6:30 PM;10:00 AM - 6:30 PM,Cosmetics & Beauty Supply,"72 Kneeland St, Boston, MA 02111"
Sasa Adventures Beauty & Spa,4 star rating,10:00 AM - 8:00 PM;10:00 AM - 8:00 PM;10:00 AM - 8:00 PM;10:00 AM - 8:00 PM;10:00 AM - 8:00 PM;10:00 AM - 8:00 PM;10:00 AM - 8:00 PM,Day Spas,"42 Essex St, Boston, MA 02111"
Bluemercury,4.5 star rating,10:00 AM - 7:00 PM;10:00 AM - 7:00 PM;10:00 AM - 7:00 PM;10:00 AM - 8:00 PM;10:00 AM - 8:00 PM;10:00 AM - 8:00 PM;11:00 AM - 6:00 PM,Cosmetics & Beauty Supply;Day Spas,"160 Newbury St, Boston, MA 02116"
Kelly's Beauty,5 star rating,10:00 AM - 6:00 PM;10:00 AM - 6:00 PM;10:00 AM - 6:00 PM;10:00 AM - 6:00 PM;10:00 AM - 6:00 PM;9:30 AM - 5:30 PM;9:30 AM - 5:30 PM,Skin Care;Waxing,"101 Arch St, Ste 874"
La Moon Thai Spa,5 star rating,10:30 AM - 8:30 PM;10:30 AM - 8:30 PM;10:30 AM - 8:30 PM;10:30 AM - 8:30 PM;10:00 AM - 8:00 PM;10:00 AM - 8:00 PM;10:00 AM - 8:00 PM,Day Spas;Massage;Waxing,"220 Concord Ave, Fl 1"
Carman's Beauty Salon,4 star rating,10:00 AM - 4:00 PM;10:00 AM - 5:00 PM;10:00 AM - 5:00 PM;10:00 AM - 5:00 PM;9:00 AM - 6:00 PM;8:00 AM - 6:00 PM;Closed,Hair Salons,"764 Huntington Ave, Boston, MA 02115"
Ashmont Nails and Spa,1.5 star rating,,Nail Salons;Eyelash Service;Hair Removal,"1913 Dorchester Ave, Boston, MA 02124"
Le's Beauty Salon,4 star rating,9:30 AM - 8:00 PM;9:30 AM - 8:00 PM;9:30 AM - 8:00 PM;9:30 AM - 8:00 PM;9:30 AM - 8:00 PM;9:30 AM - 8:00 PM;9:30 AM - 8:00 PM,Hair Salons;Makeup Artists;Skin Care,"10 Kneeland St, Boston, MA 02111"
Nails Spa By Time,3 star rating,10:00 AM - 7:00 PM;10:00 AM - 7:00 PM;10:00 AM - 7:00 PM;10:00 AM - 7:00 PM;10:00 AM - 7:00 PM;9:00 AM - 6:00 PM;Closed,Nail Salons;Hair Salons,"712 Huntington Ave, Boston, MA 02115"
Oasis Massage Therapy,4.5 star rating,10:30 AM - 7:00 PM;10:30 AM - 7:00 PM;10:30 AM - 7:00 PM;10:30 AM - 7:00 PM;10:30 AM - 7:00 PM;Closed;Closed,Massage Therapy;Day Spas,"976 Main St 2FL, Waltham, MA 02451"
Fragrance Day Spa,5 star rating,10:00 AM - 10:00 PM;10:00 AM - 10:00 PM;10:00 AM - 10:00 PM;10:00 AM - 10:00 PM;10:00 AM - 10:00 PM;10:00 AM - 10:00 PM;10:00 AM - 10:00 PM,Day Spas,"99 Harrison Ave, Boston, MA 02111"
Venus Spa,5 star rating,10:00 AM - 6:00 PM;10:00 AM - 6:00 PM;10:00 AM - 6:00 PM;10:00 AM - 6:00 PM;10:00 AM - 6:00 PM;9:30 AM - 6:00 PM;Closed,Skin Care;Day Spas;Massage,"50 Meridian St, Ste B1"
Bodywaves Therapeutic Massage,4.5 star rating,9:00 AM - 9:00 PM;9:00 AM - 9:00 PM;9:00 AM - 9:00 PM;9:00 AM - 9:00 PM;9:00 AM - 9:00 PM;9:00 AM - 9:00 PM;9:00 AM - 9:00 PM,Massage,"145 Hanover St, Fl 3"
Beauty & Soul Spa,5 star rating,10:00 AM - 8:00 PM;10:00 AM - 8:00 PM;10:00 AM - 8:00 PM;10:00 AM - 8:00 PM;10:00 AM - 8:00 PM;10:00 AM - 8:00 PM;Closed,Skin Care;Acne Treatment;Massage Therapy,"157 Main St, Everett, MA 02149"
The Bella Boutique Spa,4.5 star rating,9:00 AM - 8:00 PM;9:00 AM - 8:00 PM;9:00 AM - 8:00 PM;9:00 AM - 8:00 PM;9:00 AM - 8:00 PM;9:00 AM - 6:00 PM;10:00 AM - 4:00 PM,Day Spas;Waxing;Massage,"296 Walnut St, Newton, MA 02460"
Kiehl's Since 1851,3.5 star rating,10:00 AM - 7:00 PM;10:00 AM - 7:00 PM;10:00 AM - 7:00 PM;10:00 AM - 7:00 PM;10:00 AM - 7:00 PM;10:00 AM - 7:00 PM;12:00 PM - 6:00 PM,Cosmetics & Beauty Supply;Skin Care,"112 Newbury St, Boston, MA 02116"
Liz on E,5 star rating,Closed;11:00 AM - 8:00 PM;11:00 AM - 8:00 PM;11:00 AM - 8:00 PM;11:00 AM - 7:00 PM;9:00 AM - 3:00 PM;Closed,Waxing;Spray Tanning;Massage Therapy,"661 E Broadway, South Boston, MA 02127"
K & E Beauty,4.5 star rating,10:00 AM - 7:00 PM;10:00 AM - 7:00 PM;10:00 AM - 7:00 PM;10:00 AM - 7:00 PM;10:00 AM - 7:00 PM;10:00 AM - 6:00 PM;10:00 AM - 6:00 PM,Skin Care;Waxing;Cosmetics & Beauty Supply,"353 Newport Ave, Quincy, MA 02170"
Green Tangerine Spa and Salon,4 star rating,9:00 AM - 9:00 PM;9:00 AM - 9:00 PM;9:00 AM - 9:00 PM;9:00 AM - 9:00 PM;9:00 AM - 9:00 PM;8:00 AM - 7:00 PM;10:00 AM - 7:00 PM,Hair Salons;Day Spas;Makeup Artists,"39 Dalton St, Boston, MA 02199"
Face Facts Healing Spa,5 star rating,Closed;10:00 AM - 6:00 PM;12:00 PM - 7:00 PM;10:00 AM - 7:00 PM;10:00 AM - 6:00 PM;10:00 AM - 6:00 PM;Closed,Day Spas;Skin Care,"46 Waltham St, Ste 105"
Thai Spa of South Boston,4.5 star rating,10:00 AM - 8:00 PM;10:00 AM - 8:00 PM;10:00 AM - 8:00 PM;10:00 AM - 8:00 PM;10:00 AM - 8:00 PM;10:00 AM - 7:00 PM;11:00 AM - 6:00 PM,Massage,"620 E Broadway, Boston, MA 02127"
Station 8 Salon,4 star rating,10:00 AM - 9:00 PM;10:00 AM - 9:00 PM;Closed;11:00 AM - 9:00 PM;11:00 AM - 9:00 PM;11:00 AM - 8:00 PM;10:00 AM - 7:00 PM,Hair Salons;Skin Care;Waxing,"761 Centre St, Jamaica Plain, MA 02130"
Body Mechanics,4.5 star rating,11:00 AM - 7:00 PM;11:00 AM - 7:00 PM;11:00 AM - 7:00 PM;11:00 AM - 7:00 PM;11:00 AM - 7:00 PM;10:00 AM - 6:00 PM;10:00 AM - 6:00 PM,Massage,"387 Cambridge St, Allston, MA 02134"
Skin Spa New York - North Station,3 star rating,10:00 AM - 9:00 PM;10:00 AM - 9:00 PM;10:00 AM - 9:00 PM;10:00 AM - 9:00 PM;10:00 AM - 8:00 PM;10:00 AM - 8:00 PM;10:00 AM - 7:00 PM,Skin Care;Medical Spas;Laser Hair Removal,"105 Canal St, Boston, MA 02114"
SKA Beauty,4.5 star rating,11:00 AM - 7:00 PM;11:00 AM - 7:00 PM;11:00 AM - 7:00 PM;11:00 AM - 7:00 PM;11:00 AM - 7:00 PM;11:00 AM - 7:00 PM;Closed,Skin Care;Hair Stylists;Hair Loss Centers,"36 Essex St, Boston, MA 02111"
Makeup by Kerri Herlihy,4.5 star rating,,Makeup Artists,N/A
SPA InterContinental,3 star rating,Closed;Closed;Closed;Closed;10:00 AM - 6:00 PM;10:00 AM - 6:00 PM;10:00 AM - 8:00 PM,Skin Care;Massage;Nail Salons,"510 Atlantic Ave, Boston, MA 02210"
Boston Beauty Bar,4.5 star rating,9:00 AM - 7:00 PM;9:00 AM - 7:00 PM;9:00 AM - 7:00 PM;9:00 AM - 7:00 PM;9:00 AM - 7:00 PM;9:00 AM - 7:00 PM;Closed,Makeup Artists;Hair Stylists,"333 Washington St, Ste 622"
Scissor Sound Hair,3 star rating,10:00 AM - 8:00 PM;Closed;10:00 AM - 8:00 PM;10:00 AM - 8:00 PM;10:00 AM - 8:00 PM;10:00 AM - 8:00 PM;10:30 AM - 7:00 PM,Hair Salons,"11 Harvard Ave, Ste 17"
Pink Banana Nail Beauty,N/A,10:30 AM - 5:30 PM;10:30 AM - 5:30 PM;10:30 AM - 5:30 PM;10:30 AM - 5:30 PM;10:30 AM - 5:30 PM;10:30 AM - 5:00 PM;Closed,Skin Care,"665 Hancock St, Quincy, MA 02170"
Aestheticare Day Spa,4.5 star rating,Closed;Closed;10:00 AM - 8:00 PM;10:00 AM - 8:00 PM;10:00 AM - 8:00 PM;9:00 AM - 7:00 PM;10:00 AM - 3:00 PM,Permanent Makeup;Eyelash Service;Skin Care,"310 Cambridge St, Cambridge, MA 02141"
MK the Hair Studio,4.5 star rating,Closed;10:00 AM - 6:00 PM;10:00 AM - 6:00 PM;10:00 AM - 6:00 PM;10:00 AM - 6:00 PM;Closed;Closed,Hair Salons,"1 Kendall Sq, Bldg 300"
Alexandra's Beauty Salon and Spa,5 star rating,Closed;10:00 AM - 8:00 PM;10:00 AM - 8:00 PM;10:00 AM - 8:00 PM;10:00 AM - 7:00 PM;10:00 AM - 5:00 PM;Closed,Skin Care;Hair Salons;Nail Salons,"318 Harvard St, Ste 34"
Coco Head Hair Studio,4.5 star rating,Closed;10:00 AM - 7:00 PM;10:00 AM - 7:00 PM;10:00 AM - 7:00 PM;10:00 AM - 7:00 PM;9:00 AM - 6:00 PM;9:00 AM - 6:00 PM,Hair Salons,"9 Knapp St, Ste 1"
Lola Beauty Boutique,5 star rating,Closed;10:00 AM - 8:00 PM;10:00 AM - 8:00 PM;10:00 AM - 8:00 PM;10:00 AM - 8:00 PM;9:00 AM - 5:00 PM;Closed,Hair Salons;Waxing;Spray Tanning,"393 Neponset Ave, Boston, MA 02122"
Sweet Nothing Spa,4 star rating,9:00 AM - 7:30 PM;9:00 AM - 7:30 PM;9:00 AM - 7:30 PM;9:00 AM - 7:30 PM;9:00 AM - 7:30 PM;9:00 AM - 7:30 PM;9:00 AM - 7:30 PM,Sugaring;Waxing;Eyelash Service,"115 Lewis Wharf, Boston, MA 02110"
Salon Cu,4.5 star rating,Closed;10:00 AM - 8:00 PM;10:00 AM - 6:00 PM;10:00 AM - 8:00 PM;10:00 AM - 8:00 PM;9:00 AM - 5:00 PM;Closed,Hair Salons,"698 Broadway, Somerville, MA 02144"
Town Nail & Skin Salon,4 star rating,9:00 AM - 7:00 PM;9:00 AM - 7:00 PM;9:00 AM - 7:00 PM;9:00 AM - 7:00 PM;9:00 AM - 7:00 PM;9:00 AM - 7:00 PM;10:00 AM - 6:00 PM,Nail Salons,"99 Charles St, Ste B"
Elias Hair Care,4.5 star rating,,Hair Salons,"319 Massachusetts Ave, Cambridge, MA 02139"
The Beauty Mark,4.5 star rating,11:00 AM - 7:00 PM;11:00 AM - 7:00 PM;11:00 AM - 7:00 PM;11:00 AM - 7:00 PM;11:00 AM - 7:00 PM;10:00 AM - 6:00 PM;12:00 PM - 5:00 PM,Cosmetics & Beauty Supply;Makeup Artists;Eyelash Service,"28 Charles St, Boston, MA 02114"
MiniLuxe Seaport,3.5 star rating,10:00 AM - 6:00 PM;10:00 AM - 6:00 PM;10:00 AM - 6:00 PM;10:00 AM - 6:00 PM;10:00 AM - 6:00 PM;9:00 AM - 5:00 PM;9:00 AM - 5:00 PM,Nail Salons;Waxing,"81 Seaport Blvd, Boston, MA 02210"
Serenity In the City Salon and Spa,4.5 star rating,10:30 AM - 9:00 PM;10:00 AM - 8:00 PM;10:00 AM - 8:00 PM;9:00 AM - 8:00 PM;9:00 AM - 8:00 PM;9:00 AM - 5:00 PM;9:00 AM - 4:00 PM,Hair Salons;Day Spas;Massage,"269 Middlesex Ave, Medford, MA 02155"
Infinite Beauty Med Spa,4.5 star rating,Closed;10:00 AM - 7:00 PM;9:30 AM - 6:00 PM;10:00 AM - 5:00 PM;9:00 AM - 4:00 PM;Closed;Closed,Medical Spas;Skin Care,"929 Main St, Wakefield, MA 01880"
Finland Steam Baths,5 star rating,5:00 PM - 9:00 PM;Closed;Closed;Closed;5:00 PM - 9:00 PM;3:00 PM - 9:00 PM;8:00 AM - 12:00 PM,Day Spas,"81 Copeland St, Quincy, MA 02169"
Rachel Beauty,4.5 star rating,10:00 AM - 7:00 PM;10:00 AM - 7:00 PM;10:00 AM - 7:00 PM;10:00 AM - 7:00 PM;10:00 AM - 7:00 PM;9:00 AM - 6:00 PM;9:00 AM - 6:00 PM,Day Spas;Skin Care,"72 Kneeland St, Ste 209"
LexRx -  Boston,4.5 star rating,9:00 AM - 5:00 PM;9:00 AM - 5:00 PM;9:00 AM - 5:00 PM;9:00 AM - 5:00 PM;9:00 AM - 5:00 PM;9:00 AM - 5:00 PM;9:00 AM - 5:00 PM,,"121 Charles St, Ste B"
Adara Spa,4 star rating,10:00 AM - 7:00 PM;10:00 AM - 7:00 PM;10:00 AM - 7:00 PM;10:00 AM - 7:00 PM;10:00 AM - 7:00 PM;10:00 AM - 7:00 PM;10:00 AM - 7:00 PM,Day Spas;Waxing;Massage Therapy,"115 Lewis Wharf, Boston, MA 02110"
Back Health Care,5 star rating,10:00 AM - 7:00 PM;10:00 AM - 7:00 PM;10:00 AM - 7:00 PM;10:00 AM - 8:00 PM;10:00 AM - 8:00 PM;10:00 AM - 5:00 PM;Closed,Massage;Massage Therapy,"15 Court Sq, Ste 360"
Harvard Beauty Spa,4 star rating,10:00 AM - 7:00 PM;10:00 AM - 7:00 PM;10:00 AM - 7:00 PM;10:00 AM - 7:00 PM;10:00 AM - 7:00 PM;10:00 AM - 6:00 PM;11:00 AM - 5:00 PM,Skin Care;Hair Salons;Nail Salons,"997 Massachusetts Ave, Cambridge, MA 02119"
Magic Touch Salon,3 star rating,,Hair Salons,"72 Tyler St, Boston, MA 02111"
Medical Aesthetics on Tremont,5 star rating,Closed;10:00 AM - 6:00 PM;10:00 AM - 6:00 PM;11:00 AM - 7:00 PM;10:00 AM - 6:00 PM;9:00 AM - 4:00 PM;Closed,Medical Spas;Laser Hair Removal;Skin Care,"655 Tremont St, Ste C2"
Zubeda's Spa & Salon,4.5 star rating,11:00 AM - 7:00 PM;11:00 AM - 7:00 PM;10:00 AM - 8:00 PM;10:00 AM - 8:00 PM;10:00 AM - 8:00 PM;9:00 AM - 5:00 PM;Closed,Day Spas;Nail Salons;Hair Salons,"452 Salem St, Medford, MA 02155"
Upscale Nail Design,3 star rating,,Nail Salons,"300 Warren St, Ste C"
Bluemercury,3.5 star rating,10:00 AM - 7:00 PM;10:00 AM - 7:00 PM;10:00 AM - 7:00 PM;10:00 AM - 8:00 PM;10:00 AM - 8:00 PM;10:00 AM - 8:00 PM;11:00 AM - 6:00 PM,Day Spas;Cosmetics & Beauty Supply,"105 Seaport Blvd, Boston, MA 02210"
Purely Aesthetics,5 star rating,8:00 AM - 5:00 PM;8:00 AM - 5:00 PM;8:00 AM - 5:00 PM;8:00 AM - 5:00 PM;8:00 AM - 5:00 PM;9:00 AM - 12:00 PM;Closed,Medical Spas;Skin Care,"200 Providence Hwy, Ste 205B"
Felicia's Cosmetics,4.5 star rating,11:00 AM - 7:30 PM;11:00 AM - 7:30 PM;11:00 AM - 7:30 PM;11:00 AM - 7:30 PM;11:00 AM - 7:30 PM;11:00 AM - 7:30 PM;11:00 AM - 7:30 PM,Cosmetics & Beauty Supply,"316 Newbury St, Ste 21"
MiniLuxe Westwood,4 star rating,10:00 AM - 6:00 PM;10:00 AM - 6:00 PM;10:00 AM - 6:00 PM;10:00 AM - 6:00 PM;10:00 AM - 6:00 PM;9:00 AM - 5:00 PM;9:00 AM - 5:00 PM,Nail Salons;Waxing;Cosmetics & Beauty Supply,"129 University Ave, Westwood, MA 02090"
Rainbow Health Center,4 star rating,10:00 AM - 10:00 PM;10:00 AM - 10:00 PM;10:00 AM - 10:00 PM;10:00 AM - 10:00 PM;10:00 AM - 10:00 PM;10:00 AM - 10:00 PM;10:00 AM - 10:00 PM,Reflexology;Tui Na;Day Spas,"36 Gloucester St, Ste 2"
Radiant Spa & Massage,4.5 star rating,10:00 AM - 8:00 PM;10:00 AM - 8:00 PM;10:00 AM - 8:00 PM;10:00 AM - 8:00 PM;10:00 AM - 8:00 PM;10:00 AM - 8:00 PM;10:00 AM - 8:00 PM,Massage;Reflexology,"431 Centre St, Newton, MA 02458"
Skin Studio,4.5 star rating,Closed;10:30 AM - 6:00 PM;10:30 AM - 6:00 PM;10:00 AM - 7:00 PM;10:00 AM - 4:00 PM;9:00 AM - 6:00 PM;Closed,Hair Removal;Skin Care;Medical Spas,"697 Cambridge St, Ste 206"
Aer Nailbar,4.5 star rating,9:30 AM - 7:00 PM;9:30 AM - 6:00 PM;9:30 AM - 7:00 PM;9:30 AM - 7:00 PM;9:30 AM - 7:00 PM;9:00 AM - 6:00 PM;10:00 AM - 5:00 PM,Nail Salons;Waxing,"1042 Beacon St, Brookline, MA 02446"
Salon 428 Hair By Kent,4.5 star rating,Closed;10:00 AM - 8:00 PM;10:00 AM - 8:00 PM;10:00 AM - 8:00 PM;10:00 AM - 8:00 PM;9:00 AM - 6:00 PM;Closed,Hair Stylists,"428 Massachusetts Ave, Boston, MA 02118"
Tao's Beauty Store,4 star rating,12:00 PM - 7:30 PM;12:00 PM - 7:30 PM;12:00 PM - 7:30 PM;12:00 PM - 7:30 PM;11:30 AM - 8:30 PM;11:30 AM - 8:30 PM;11:30 AM - 8:30 PM,Cosmetics & Beauty Supply,"35 Harrison Ave, Boston, MA 02111"
Kate Garms Massage Therapy,5 star rating,,Massage,"1141 Beacon St, Ste C1"
Alexander Salon and Spa,4.5 star rating,10:00 AM - 6:00 PM;9:30 AM - 7:00 PM;9:30 AM - 7:00 PM;9:30 AM - 7:00 PM;9:30 AM - 7:00 PM;9:00 AM - 6:00 PM;Closed,Hair Salons,"224 Harvard St, Brookline, MA 02446"
Toscana European Day Spa & Salon,4 star rating,Closed;10:00 AM - 7:00 PM;10:00 AM - 8:00 PM;10:00 AM - 7:00 PM;10:00 AM - 7:00 PM;9:00 AM - 6:00 PM;Closed,Hair Salons;Day Spas,"231 Newbury St, Boston, MA 02116"
Inde Salon and Skin Care,4.5 star rating,Closed;10:00 AM - 8:00 PM;10:00 AM - 8:00 PM;10:00 AM - 8:00 PM;10:00 AM - 7:00 PM;9:00 AM - 5:00 PM;Closed,Hair Salons;Skin Care;Waxing,"46 Independence Ave, Quincy, MA 02169"
Bath & Body Works,2 star rating,,Cosmetics & Beauty Supply,"245 1st St, Cambridge, MA 02142"
Made By G,5 star rating,8:00 AM - 8:00 PM;8:00 AM - 8:00 PM;8:00 AM - 8:00 PM;8:00 AM - 8:00 PM;8:00 AM - 8:00 PM;8:00 AM - 8:00 PM;8:00 AM - 8:00 PM,Makeup Artists,N/A
Pour Le Corps,4.5 star rating,Closed;8:30 AM - 7:00 PM;8:30 AM - 7:00 PM;8:30 AM - 7:00 PM;8:30 AM - 5:30 PM;10:00 AM - 3:00 PM;Closed,Skin Care;Waxing;Eyebrow Services,"224 Clarendon St, Ste 21"
Sully's Barber & Styling Shop,3.5 star rating,9:00 AM - 7:00 PM;9:00 AM - 7:00 PM;9:00 AM - 7:00 PM;9:00 AM - 8:00 PM;8:00 AM - 8:00 PM;11:00 AM - 5:00 PM;Closed,Barbers,"1596 Tremont St, Boston, MA 02120"
Equinox Seaport,3.5 star rating,6:00 AM - 9:00 PM;6:00 AM - 9:00 PM;6:00 AM - 9:00 PM;6:00 AM - 9:00 PM;6:00 AM - 8:00 PM;7:00 AM - 6:00 PM;7:00 AM - 6:00 PM,Gyms;Day Spas;Sports Clubs,"27 Northern Ave, Boston, MA 02210"
Merle Norman Cosmetics Skin Care & Nails,4.5 star rating,Closed;9:30 AM - 5:00 PM;9:30 AM - 8:00 PM;9:30 AM - 8:00 PM;9:30 AM - 5:00 PM;9:00 AM - 5:00 PM;Closed,Cosmetics & Beauty Supply,"715 Massachusetts Ave, Arlington, MA 02476"
Divine Indulgence Day Spa,5 star rating,Closed;10:00 AM - 6:00 PM;10:00 AM - 6:00 PM;10:00 AM - 6:00 PM;9:00 AM - 6:00 PM;9:00 AM - 6:00 PM;Closed,Day Spas;Massage;Hair Removal,"735 Morrissey Blvd, Lambert's Fitness Ctr"
Noel Herbal Skin Care,5 star rating,,Skin Care;Waxing,"689 Somerville Ave, Somerville, MA 02143"
Joy Skin Atelier,5 star rating,Closed;10:00 AM - 4:00 PM;12:00 PM - 6:30 PM;12:00 PM - 6:30 PM;10:00 AM - 4:00 PM;9:00 AM - 1:00 PM;Closed,Skin Care;Waxing;Makeup Artists,"24 Cambridge St, Ste 1"
Happy Nails,2.5 star rating,,Beauty & Spas,"149 Washington St, Boston, MA 02121"
Angel Beauty,5 star rating,10:00 AM - 7:00 PM;10:00 AM - 7:00 PM;10:00 AM - 7:00 PM;10:00 AM - 7:00 PM;10:00 AM - 7:30 PM;10:00 AM - 7:30 PM;10:00 AM - 7:00 PM,Cosmetics & Beauty Supply,"9 Knapp St, Ste 2"
RelaxSation Massage Therapy & Nails,4 star rating,10:30 AM - 6:00 PM;10:30 AM - 6:00 PM;10:30 AM - 6:00 PM;10:30 AM - 6:00 PM;10:30 AM - 6:00 PM;10:30 AM - 6:00 PM;11:30 AM - 6:00 PM,Nail Salons;Massage Therapy,"25 Kingston St, Lower Level"
Biyóshi Salon,4.5 star rating,Closed;12:00 PM - 5:00 PM;11:30 AM - 8:00 PM;11:00 AM - 9:00 PM;11:00 AM - 5:00 PM;10:00 AM - 6:00 PM;Closed,Hair Salons,"1382A Beacon St, Brookline, MA 02446"
Safar Boston,4.5 star rating,9:00 AM - 5:30 PM;9:00 AM - 5:30 PM;9:00 AM - 7:00 PM;9:00 AM - 7:00 PM;9:00 AM - 7:00 PM;9:00 AM - 5:30 PM;Closed,Hair Salons;Nail Salons;Makeup Artists,"235 Newbury St, Boston, MA 02116"
Imani Massage,5 star rating,8:00 AM - 7:30 PM;8:00 AM - 7:30 PM;8:00 AM - 7:30 PM;8:00 AM - 8:30 PM;8:00 AM - 8:30 PM;8:00 AM - 8:30 PM;1:00 PM - 8:00 PM,Massage,"3464 Washington St, The Meeting Point"
Unique 8 Hair Place,3.5 star rating,9:00 AM - 9:30 PM;9:00 AM - 9:30 PM;9:00 AM - 9:30 PM;9:00 AM - 9:30 PM;9:00 AM - 9:30 PM;9:00 AM - 9:30 PM;9:00 AM - 9:30 PM,Hair Salons,"17A Hudson St, Boston, MA 02111"
Sanela Salon,4.5 star rating,Closed;9:00 AM - 8:00 PM;9:00 AM - 8:00 PM;9:00 AM - 8:00 PM;9:00 AM - 8:00 PM;8:00 AM - 5:00 PM;Closed,Hair Salons,"1706 Beacon St, Brookline, MA 02445"
Miniluxe South End,3.5 star rating,11:00 AM - 7:00 PM;11:00 AM - 7:00 PM;11:00 AM - 7:00 PM;11:00 AM - 7:00 PM;9:00 AM - 5:00 PM;9:00 AM - 5:00 PM;9:00 AM - 5:00 PM,Nail Salons;Waxing,"536 Tremont St, Boston, MA 02116"
Town Nail & Skin Salon - 274,3.5 star rating,9:00 AM - 7:00 PM;9:00 AM - 7:00 PM;9:00 AM - 7:00 PM;9:00 AM - 7:00 PM;9:00 AM - 7:00 PM;9:00 AM - 7:00 PM;10:00 AM - 6:00 PM,Nail Salons;Skin Care;Waxing,"274 Newbury St, Boston, MA 02116"
Shag Salon,4 star rating,11:00 AM - 5:00 PM;9:00 AM - 8:00 PM;9:00 AM - 8:00 PM;12:00 PM - 9:00 PM;9:00 AM - 9:00 PM;9:00 AM - 6:00 PM;Closed,Hair Salons,"840 Summer St, Ste 3"
Indulge Day Spa,4 star rating,Closed;Closed;10:00 AM - 7:00 PM;10:00 AM - 7:00 PM;10:00 AM - 6:00 PM;10:00 AM - 3:00 PM;Closed,Day Spas;Makeup Artists,"637 E Broadway, South Boston, MA 02127"
Keldara Salon and Spa,3.5 star rating,10:00 AM - 8:00 PM;9:00 AM - 9:00 PM;9:00 AM - 9:00 PM;9:00 AM - 9:00 PM;8:00 AM - 8:00 PM;8:00 AM - 5:00 PM;9:00 AM - 5:00 PM,Hair Salons;Waxing;Nail Salons,"650 Washington St, Dedham, MA 02026"
Serendipity Skin Care and Waxing,5 star rating,Closed;11:00 AM - 8:00 PM;11:00 AM - 8:00 PM;12:00 PM - 7:00 PM;10:00 AM - 5:00 PM;Closed;Closed,Skin Care;Day Spas;Hair Removal,"1113 Washington St, Newton, MA 02465"
Jesamondo Salon & Spa,4.5 star rating,8:00 AM - 5:00 PM;8:00 AM - 8:00 PM;8:00 AM - 8:00 PM;8:00 AM - 8:00 PM;8:00 AM - 6:00 PM;8:00 AM - 5:00 PM;8:00 AM - 5:00 PM,Hair Salons;Day Spas;Nail Salons,"154 E Central St, Natick, MA 01760"
Element Hair Salon and Spa,4 star rating,Closed;11:00 AM - 9:00 PM;11:00 AM - 9:00 PM;10:00 AM - 9:00 PM;10:00 AM - 9:00 PM;9:00 AM - 6:00 PM;10:00 AM - 6:00 PM,Hair Salons;Massage Therapy;Skin Care,"50 Hood Park Dr, Unit C"
Tao's Beauty Store,4 star rating,12:00 PM - 7:30 PM;12:00 PM - 7:30 PM;12:00 PM - 7:30 PM;12:00 PM - 7:30 PM;11:30 AM - 8:30 PM;11:30 AM - 8:30 PM;11:30 AM - 8:30 PM,Cosmetics & Beauty Supply,"35 Harrison Ave, Boston, MA 02111"
Sky Nail & Spa,4 star rating,10:00 AM - 8:00 PM;10:00 AM - 8:00 PM;10:00 AM - 8:00 PM;10:00 AM - 8:00 PM;10:00 AM - 8:00 PM;10:00 AM - 7:00 PM;10:00 AM - 5:00 PM,Nail Salons;Massage,"447 W Broadway, Boston, MA 02127"
CRK Beauty,5 star rating,Closed;11:00 AM - 6:00 PM;11:00 AM - 6:00 PM;11:00 AM - 6:00 PM;11:00 AM - 6:00 PM;10:00 AM - 2:00 PM;Closed,Makeup Artists;Eyelash Service;Medical Spas,"135 Charles St, Ste 1"
Natasha Ahmed - Makeup Artist,4 star rating,,Makeup Artists,"50 Harbor Point Blvd, Boston, MA 02125"
Townhouse Beauty Bar,4 star rating,10:00 AM - 5:00 PM;10:00 AM - 5:00 PM;10:00 AM - 5:00 PM;10:00 AM - 5:00 PM;10:00 AM - 5:00 PM;10:00 AM - 5:00 PM;Closed,Hair Salons;Eyelash Service;Day Spas,"28 Charles St, Boston, MA 02114"
Salon Mario Russo,4 star rating,9:00 AM - 7:00 PM;9:00 AM - 7:00 PM;9:00 AM - 7:00 PM;9:00 AM - 7:00 PM;9:00 AM - 7:00 PM;8:00 AM - 6:00 PM;11:00 AM - 5:00 PM,Hair Salons,"9 Newbury St, Boston, MA 02116"
Chuan Body + Soul Boston,3 star rating,6:00 AM - 10:00 PM;6:00 AM - 10:00 PM;6:00 AM - 10:00 PM;6:00 AM - 10:00 PM;6:00 AM - 10:00 PM;7:00 AM - 10:00 PM;7:00 AM - 10:00 PM,Day Spas;Massage,"250 Franklin St, The Langham"
Boston's Nails & Spa,4 star rating,9:30 AM - 7:00 PM;9:30 AM - 7:00 PM;9:30 AM - 7:00 PM;9:30 AM - 7:00 PM;9:30 AM - 7:00 PM;9:30 AM - 6:00 PM;11:00 AM - 6:00 PM,Waxing;Nail Salons;Skin Care,"665 Boylston St, Fl 2"
Diva beauty spa,1 star rating,10:00 AM - 11:00 PM;10:00 AM - 11:00 PM;10:00 AM - 11:00 PM;10:00 AM - 11:00 PM;10:00 AM - 11:00 PM;10:00 AM - 11:00 PM;10:00 AM - 11:00 PM,Beauty & Spas,"40 Harrison Ave, Unit 2D"
Cloud9 Massage & Wellness,5 star rating,10:00 AM - 8:00 PM;Closed;10:00 AM - 8:00 PM;10:00 AM - 8:00 PM;10:00 AM - 8:00 PM;10:00 AM - 7:00 PM;10:00 AM - 7:00 PM,Day Spas;Massage;Reflexology,"231 Holland St, Somerville, MA 02144"
Thai Wellness Massage,4.5 star rating,10:00 AM - 8:00 PM;10:00 AM - 8:00 PM;10:00 AM - 8:00 PM;10:00 AM - 8:00 PM;10:00 AM - 8:00 PM;11:00 AM - 6:00 PM;11:00 AM - 6:00 PM,Massage,"277 Newport Ave, Quincy, MA 02170"
étant,4.5 star rating,10:00 AM - 9:00 PM;10:00 AM - 9:00 PM;10:00 AM - 9:00 PM;10:00 AM - 9:00 PM;10:00 AM - 9:00 PM;9:00 AM - 6:00 PM;10:00 AM - 6:00 PM,Skin Care;Massage Therapy;Waxing,"524 Tremont St, Boston, MA 02116"
Katrina Hess Makeup Studio,3.5 star rating,,Makeup Artists,"115 Newbury St, Ste 301"
Lee's Hair Story,4 star rating,,Hair Salons,"143 Brighton Ave, Boston, MA 02134"
Princess Hair and Spa,3 star rating,Closed;10:00 AM - 6:00 PM;10:00 AM - 4:00 PM;10:00 AM - 5:00 PM;10:00 AM - 6:00 PM;9:00 AM - 3:00 PM;Closed,Hair Salons;Makeup Artists;Day Spas,"021240000 Dorchester Ave Dor, Boston, MA 02124"
Nomad Organic Foot Spa,4.5 star rating,10:00 AM - 9:00 PM;10:00 AM - 9:00 PM;10:00 AM - 9:00 PM;10:00 AM - 9:00 PM;10:00 AM - 9:00 PM;10:00 AM - 9:00 PM;11:00 AM - 8:00 PM,Massage;Reflexology,"408 Harvard St, Brookline, MA 02446"
Permanent Makeup By Lily,5 star rating,10:00 AM - 5:00 PM;10:00 AM - 5:00 PM;10:00 AM - 5:00 PM;10:00 AM - 5:00 PM;10:00 AM - 5:00 PM;10:00 AM - 5:00 PM;Closed,Permanent Makeup,"1261 Dorchester Ave, Boston, MA 02122"
Carlos Leon Studio Salon,4.5 star rating,11:00 AM - 5:00 PM;Closed;11:00 AM - 5:00 PM;11:00 AM - 5:00 PM;11:00 AM - 5:00 PM;10:00 AM - 5:00 PM;Closed,Makeup Artists;Hair Extensions;Hair Stylists,"20 Meridian St, Ste 4"
Haute Coiffure Salon,4.5 star rating,10:00 AM - 7:00 PM;10:00 AM - 7:00 PM;10:00 AM - 7:00 PM;10:00 AM - 7:30 PM;10:00 AM - 7:30 PM;9:30 AM - 6:30 PM;Closed,Blow Dry/Out Services;Hair Stylists,"629 Commonwealth Ave, Boston, MA 02215"
Aspire Med Spa,4.5 star rating,9:30 AM - 8:00 PM;9:30 AM - 8:00 PM;9:30 AM - 8:00 PM;9:30 AM - 8:00 PM;9:30 AM - 8:00 PM;9:30 AM - 7:00 PM;Closed,Laser Hair Removal;Medical Spas;Body Contouring,"201 Massachusetts Ave, Lexington, MA 02420"
Rachel's Make-Up and Brow Studio,5 star rating,,Makeup Artists;Hair Removal,"271 Newbury St, Fl 2"
T and T Hair Salon,4.5 star rating,10:00 AM - 7:00 PM;10:00 AM - 7:00 PM;10:00 AM - 7:00 PM;10:00 AM - 7:00 PM;10:00 AM - 7:00 PM;10:00 AM - 7:00 PM;10:00 AM - 7:00 PM,Hair Salons,"923 Dorchester Ave, Boston, MA 02125"
M Salon,4.5 star rating,12:00 PM - 7:00 PM;10:30 AM - 7:00 PM;10:30 AM - 7:00 PM;10:30 AM - 8:00 PM;10:30 AM - 7:00 PM;10:30 AM - 5:00 PM;12:00 PM - 5:00 PM,Hair Salons;Makeup Artists;Waxing,"54 Queensberry St, Boston, MA 02215"
Station 34 Salon,5 star rating,Closed;10:00 AM - 6:00 PM;10:00 AM - 8:00 PM;10:00 AM - 8:00 PM;10:00 AM - 8:00 PM;9:00 AM - 4:00 PM;Closed,Hair Salons,"55 Pond Ave, 101E"
Karen Golden Skin Care,5 star rating,Closed;Closed;10:00 AM - 8:00 PM;10:00 AM - 8:00 PM;10:00 AM - 8:00 PM;9:00 AM - 5:00 PM;Closed,Skin Care;Waxing,"308A Harvard St, Brookline, MA 02446"
Nurture Salon and Spa,4.5 star rating,8:00 AM - 9:00 PM;8:00 AM - 9:00 PM;8:00 AM - 9:00 PM;8:00 AM - 9:00 PM;8:00 AM - 6:00 PM;9:00 AM - 4:00 PM;10:00 AM - 5:00 PM,Hair Salons;Eyelash Service;Day Spas,"127 L St, Boston, MA 02127"
Nurture Salon and Spa,4.5 star rating,8:00 AM - 9:00 PM;8:00 AM - 9:00 PM;8:00 AM - 9:00 PM;8:00 AM - 9:00 PM;8:00 AM - 6:00 PM;9:00 AM - 4:00 PM;10:00 AM - 5:00 PM,Hair Salons;Eyelash Service;Day Spas,"127 L St, Boston, MA 02127"
Sasha Salon and Spa,4 star rating,Closed;2:00 PM - 7:00 PM;12:00 PM - 7:00 PM;12:00 PM - 7:00 PM;12:00 PM - 7:00 PM;9:00 AM - 5:00 PM;Closed,Day Spas;Skin Care,"23 Arrow St, Cambridge, MA 02138"
Chi Body Work,2 star rating,10:00 AM - 9:00 PM;10:00 AM - 9:00 PM;10:00 AM - 9:00 PM;10:00 AM - 9:00 PM;10:00 AM - 9:00 PM;10:00 AM - 9:00 PM;11:30 AM - 6:30 PM,Beauty & Spas,"335 Boylston St, Ste 205"
PhoRaya Thai Spa,5 star rating,10:00 AM - 8:00 PM;10:00 AM - 8:00 PM;10:00 AM - 8:00 PM;10:00 AM - 8:00 PM;10:00 AM - 8:00 PM;10:00 AM - 7:00 PM;10:00 AM - 7:00 PM,Hair Removal;Massage Therapy;Day Spas,"900 Huntington Ave, Boston, MA 02115"
Avanti Salon,4.5 star rating,10:00 AM - 7:00 PM;9:00 AM - 8:00 PM;9:00 AM - 8:00 PM;9:00 AM - 8:00 PM;9:00 AM - 8:00 PM;9:00 AM - 5:00 PM;10:00 AM - 6:00 PM,Hair Salons,"20 Newbury St, Fl 4"
Soma Salon and Spa,4.5 star rating,Closed;10:30 AM - 8:30 PM;9:00 AM - 8:30 PM;9:00 AM - 8:00 PM;9:00 AM - 8:00 PM;9:00 AM - 8:00 PM;10:00 AM - 6:00 PM,Laser Hair Removal;Skin Care;Hair Salons,"471 Artisan Way, Somerville, MA 02145"
Persona Salon,4.5 star rating,Closed;9:30 AM - 6:30 PM;9:30 AM - 7:30 PM;10:00 AM - 7:30 PM;9:30 AM - 6:30 PM;9:00 AM - 5:30 PM;Closed,Hair Salons,"331 Newbury St, Fl 2"
Bluemercury,5 star rating,10:00 AM - 9:00 PM;10:00 AM - 9:00 PM;10:00 AM - 9:00 PM;10:00 AM - 9:00 PM;10:00 AM - 9:00 PM;10:00 AM - 9:00 PM;11:00 AM - 6:00 PM,Cosmetics & Beauty Supply;Day Spas,"748 Legacy Pl, Dedham, MA 02026"
Geneva Nails and Spa Newbury,4 star rating,10:00 AM - 8:00 PM;10:00 AM - 8:00 PM;10:00 AM - 8:00 PM;10:00 AM - 8:00 PM;10:00 AM - 8:00 PM;10:00 AM - 8:00 PM;10:00 AM - 6:00 PM,Nail Salons;Waxing,"232 Newbury St, Boston, MA 02116"
Erin Jones Skin Care,5 star rating,Closed;4:15 PM - 7:30 PM;Closed;1:00 PM - 7:30 PM;Closed;8:00 AM - 1:00 PM;Closed,Skin Care;Hair Removal,"259 Elm St, Ste 300B"
Beautiful Cuts,4.5 star rating,10:00 AM - 7:00 PM;10:00 AM - 7:00 PM;10:00 AM - 7:00 PM;10:00 AM - 7:00 PM;10:00 AM - 7:00 PM;10:00 AM - 7:00 PM;Closed,Nail Salons;Hair Salons,"52 Harvard Ave, Allston, MA 02134"
Agostino Salon,4.5 star rating,Closed;10:00 AM - 7:00 PM;10:00 AM - 7:00 PM;10:00 AM - 7:00 PM;10:00 AM - 7:00 PM;10:00 AM - 6:00 PM;Closed,Hair Salons,"70 Charles St, Boston, MA 02114"
Rise & Glow - Boston,4 star rating,10:00 AM - 8:00 PM;10:00 AM - 8:00 PM;10:00 AM - 8:00 PM;10:00 AM - 8:00 PM;10:00 AM - 8:00 PM;10:00 AM - 6:00 PM;Closed,Eyelash Service;Waxing;Eyebrow Services,"316 Newbury St, Ste 40"
Lovely Spa,4 star rating,10:00 AM - 8:00 PM;10:00 AM - 8:00 PM;10:00 AM - 8:00 PM;10:00 AM - 8:00 PM;10:00 AM - 8:00 PM;10:00 AM - 8:00 PM;10:00 AM - 8:00 PM,Skin Care;Hair Salons;Day Spas,"473 Cambridge St, Cambridge, MA 02141"
Ruby's Nail Salon & Spa,3.5 star rating,10:00 AM - 7:00 PM;10:00 AM - 7:00 PM;10:00 AM - 7:00 PM;10:00 AM - 7:00 PM;10:00 AM - 7:00 PM;10:00 AM - 6:00 PM;11:00 AM - 5:00 PM,Nail Salons;Waxing;Eyelash Service,"333 Massachusetts Ave, Boston, MA 02115"
Allure Med Spa & Salon,4 star rating,9:00 AM - 3:00 PM;9:00 AM - 9:00 PM;9:00 AM - 9:00 PM;9:00 AM - 9:00 PM;9:00 AM - 8:00 PM;9:00 AM - 5:00 PM;Closed,Day Spas;Hair Salons;Medical Spas,"15 Quincy Ave, Quincy, MA 02169"
Bellagio Hair & Skin Care,4.5 star rating,Closed;12:00 PM - 8:00 PM;12:00 PM - 8:00 PM;10:00 AM - 8:00 PM;10:00 AM - 8:00 PM;9:00 AM - 5:00 PM;Closed,Skin Care;Hair Salons,"214 N Beacon St, Watertown, MA 02472"
Kaya Beauty Spa,4 star rating,Closed;10:00 AM - 6:00 PM;10:00 AM - 6:00 PM;10:00 AM - 6:00 PM;10:00 AM - 6:00 PM;10:00 AM - 5:00 PM;10:00 AM - 5:00 PM,Hair Salons;Skin Care;Nail Salons,"92 Highland Ave, Somerville, MA 02143"
Davis Hairdressing,4.5 star rating,Closed;11:00 AM - 7:00 PM;11:00 AM - 9:00 PM;11:00 AM - 9:00 PM;8:00 AM - 7:00 PM;8:00 AM - 5:30 PM;Closed,Hair Salons,"341 W Broadway, Boston, MA 02127"
Boston Perfect Eyebrows,4 star rating,Closed;11:00 AM - 7:00 PM;11:00 AM - 7:00 PM;11:00 AM - 7:00 PM;11:00 AM - 7:00 PM;11:00 AM - 7:00 PM;Closed,Threading Services;Permanent Makeup;Waxing,"300 Western Ave, Ste 3"
Suite Bella,5 star rating,8:00 AM - 10:00 PM;8:00 AM - 10:00 PM;8:00 AM - 10:00 PM;8:00 AM - 10:00 PM;8:00 AM - 10:00 PM;8:00 AM - 10:00 PM;8:00 AM - 10:00 PM,Makeup Artists,N/A
Evie Salon Studio,4.5 star rating,12:00 PM - 8:00 PM;10:00 AM - 8:00 PM;10:00 AM - 8:00 PM;10:00 AM - 8:00 PM;10:00 AM - 8:00 PM;9:00 AM - 5:00 PM;Closed,Hair Salons,"57 Holland St, Somerville, MA 02144"
Belle Visage,3.5 star rating,10:00 AM - 6:00 PM;10:00 AM - 6:00 PM;10:00 AM - 8:00 PM;10:00 AM - 8:00 PM;10:00 AM - 8:00 PM;9:00 AM - 5:00 PM;10:00 AM - 4:00 PM,Massage;Skin Care;Day Spas,"564 Adams St, Milton, MA 02186"
European Wax Center,4 star rating,8:00 AM - 8:00 PM;8:00 AM - 8:00 PM;8:00 AM - 8:00 PM;8:00 AM - 8:00 PM;8:00 AM - 8:00 PM;8:00 AM - 6:00 PM;9:00 AM - 5:00 PM,Waxing;Skin Care,"267 Harvard St, Brookline, MA 02446"
Rowes Wharf Health Club and Spa,2.5 star rating,5:30 AM - 9:00 PM;5:30 AM - 9:00 PM;5:30 AM - 9:00 PM;5:30 AM - 9:00 PM;5:30 AM - 9:00 PM;7:00 AM - 9:00 PM;7:00 AM - 8:00 PM,Gyms;Day Spas,"70 Rowes Wharf, Boston, MA 02110"
Vogo Salon,4 star rating,10:00 AM - 7:00 PM;10:00 AM - 7:00 PM;10:00 AM - 6:00 PM;10:00 AM - 7:00 PM;10:00 AM - 7:00 PM;9:00 AM - 6:00 PM;9:00 AM - 6:00 PM,Hair Salons,"224 Harrison Ave, Boston, MA 02111"
Orchid Spa & Massage,4 star rating,10:00 AM - 5:00 PM;10:00 AM - 5:00 PM;10:00 AM - 5:00 PM;10:00 AM - 5:00 PM;10:00 AM - 5:00 PM;10:00 AM - 5:00 PM;10:30 AM - 5:00 PM,Massage;Day Spas;Waxing,"197 Harvard St, Brookline, MA 02446"
Cambridge Nails and Skin Spa,4 star rating,10:00 AM - 7:00 PM;10:00 AM - 7:00 PM;10:00 AM - 7:00 PM;10:00 AM - 7:00 PM;10:00 AM - 7:00 PM;10:00 AM - 7:00 PM;11:00 AM - 5:00 PM,Skin Care;Nail Salons;Waxing,"2096 Massachusetts Ave, Cambridge, MA 02140"
Cut N Edge,4 star rating,9:00 AM - 7:00 PM;9:00 AM - 7:00 PM;9:00 AM - 7:00 PM;9:00 AM - 7:00 PM;9:00 AM - 7:00 PM;9:00 AM - 7:00 PM;Closed,Barbers,"410 Massachusetts Ave, Boston, MA 02118"
Venus Nails & Spa,3.5 star rating,10:00 AM - 7:30 PM;10:00 AM - 7:30 PM;10:00 AM - 7:30 PM;10:00 AM - 7:30 PM;10:00 AM - 7:30 PM;10:00 AM - 7:30 PM;11:00 AM - 6:00 PM,Nail Salons,"585 Columbus Ave, Boston, MA 02118"
Kim's Beauty Design,5 star rating,Closed;10:00 AM - 7:00 PM;10:00 AM - 7:00 PM;10:00 AM - 7:00 PM;10:00 AM - 7:00 PM;10:00 AM - 7:00 PM;11:00 AM - 5:00 PM,Hair Salons;Nail Salons;Tattoo,"315 Broadway, Fl 1"
Secret's Spa & Nail Salon,4 star rating,10:00 AM - 8:00 PM;10:00 AM - 8:00 PM;10:00 AM - 8:00 PM;10:00 AM - 8:00 PM;10:00 AM - 8:00 PM;10:00 AM - 8:00 PM;11:00 AM - 5:00 PM,Nail Salons,"100 Prince St, Boston, MA 02113"
Gloss,4.5 star rating,10:00 AM - 7:00 PM;10:00 AM - 7:00 PM;10:00 AM - 7:00 PM;10:00 AM - 7:00 PM;10:00 AM - 7:00 PM;10:00 AM - 5:00 PM;10:00 AM - 4:00 PM,Nail Salons;Waxing,"955 Main St, Melrose, MA 02176"
Patrice Vinci Salon,4 star rating,10:00 AM - 5:00 PM;9:00 AM - 8:00 PM;9:00 AM - 8:00 PM;9:00 AM - 8:00 PM;9:00 AM - 8:00 PM;9:00 AM - 5:00 PM;10:00 AM - 5:00 PM,Hair Salons,"91 Newbury St, Boston, MA 02116"
Sarra,4.5 star rating,Closed;10:00 AM - 6:00 PM;11:00 AM - 7:00 PM;11:00 AM - 7:00 PM;10:00 AM - 6:00 PM;10:00 AM - 5:00 PM;Closed,Makeup Artists;Cosmetics & Beauty Supply,"840 Summer St, Fl 2"
The Salon at 10 Newbury,4.5 star rating,Closed;9:00 AM - 4:00 PM;10:00 AM - 7:00 PM;10:00 AM - 7:00 PM;10:00 AM - 7:00 PM;8:00 AM - 5:00 PM;Closed,Hair Salons;Hair Loss Centers;Wigs,"10 Newbury St, Boston, MA 02116"
All Bright Nails & Spa,4 star rating,9:30 AM - 7:30 PM;9:30 AM - 7:30 PM;9:30 AM - 7:30 PM;9:30 AM - 7:30 PM;9:30 AM - 7:30 PM;9:30 AM - 7:30 PM;11:00 AM - 6:00 PM,Day Spas;Nail Salons,"514 Cambridge St, Allston, MA 02134"
Eden's Garden Bodywork,3 star rating,11:00 AM - 9:00 PM;11:00 AM - 9:00 PM;11:00 AM - 9:00 PM;11:00 AM - 9:00 PM;11:00 AM - 9:00 PM;11:00 AM - 9:00 PM;11:00 AM - 9:00 PM,Massage,"17-23 Beach St, Boston, MA 02111"
Deep Blue Hair Studio,4.5 star rating,Closed;9:00 AM - 8:00 PM;9:00 AM - 8:00 PM;9:00 AM - 8:00 PM;9:00 AM - 6:00 PM;8:30 AM - 5:00 PM;Closed,Hair Salons;Skin Care;Cosmetics & Beauty Supply,"397 Washington St, Brookline, MA 02446"
Longwood Barbershop,4 star rating,8:00 AM - 7:00 PM;8:00 AM - 7:00 PM;8:00 AM - 7:00 PM;8:00 AM - 7:00 PM;8:00 AM - 7:00 PM;10:00 AM - 4:00 PM;Closed,Barbers,"342 Longwood Ave, Boston, MA 02115"
Aqua Beauty Supply,4 star rating,10:30 AM - 7:00 PM;10:30 AM - 7:00 PM;10:30 AM - 7:00 PM;10:30 AM - 7:00 PM;10:30 AM - 7:00 PM;10:30 AM - 5:30 PM;Closed,,"140 Bennington St, Boston, MA 02128"
Pyara Spa and Salon - Cambridge,3.5 star rating,8:00 AM - 10:00 PM;8:00 AM - 10:00 PM;8:00 AM - 10:00 PM;8:00 AM - 10:00 PM;8:00 AM - 10:00 PM;8:00 AM - 5:00 PM;10:00 AM - 6:00 PM,Hair Salons;Day Spas;Makeup Artists,"1050 Mass Ave, Cambridge, MA 02138"
Skoah Boston,4 star rating,10:00 AM - 8:00 PM;10:00 AM - 8:00 PM;10:00 AM - 8:00 PM;10:00 AM - 8:00 PM;10:00 AM - 8:00 PM;10:00 AM - 6:00 PM;10:00 AM - 6:00 PM,Skin Care;Cosmetics & Beauty Supply,"641A Tremont St, Boston, MA 02118"
Follain,4 star rating,11:00 AM - 7:00 PM;11:00 AM - 7:00 PM;11:00 AM - 7:00 PM;11:00 AM - 7:00 PM;11:00 AM - 7:00 PM;11:00 AM - 7:00 PM;12:00 PM - 5:00 PM,Skin Care;Cosmetics & Beauty Supply,"65 Charles St, Boston, MA 02114"
Bella Pelle,5 star rating,Closed;11:00 AM - 9:00 PM;10:00 AM - 5:00 PM;3:00 PM - 9:00 PM;3:00 PM - 9:00 PM;9:00 AM - 2:00 PM;Closed,Skin Care;Waxing;Massage,"311 Shirley St, Winthrop, MA 02152"
Roosters Men's Grooming Center,4.5 star rating,10:00 AM - 7:30 PM;10:00 AM - 7:30 PM;10:00 AM - 7:30 PM;10:00 AM - 7:30 PM;10:00 AM - 6:30 PM;9:00 AM - 5:00 PM;9:00 AM - 4:00 PM,Barbers;Men's Hair Salons,"518 Tremont St Unit 1-B, Boston, MA 02116"
Plush Nail and Beauty Bar,4 star rating,Closed;Closed;10:00 AM - 7:00 PM;10:00 AM - 7:00 PM;10:00 AM - 7:00 PM;10:00 AM - 6:00 PM;Closed,Nail Salons;Hair Salons;Waxing,"107 Savin Hill Ave, Boston, MA 02125"
MiniLuxe Fenway,3.5 star rating,11:00 AM - 7:00 PM;11:00 AM - 7:00 PM;11:00 AM - 7:00 PM;11:00 AM - 7:00 PM;9:00 AM - 5:00 PM;9:00 AM - 5:00 PM;9:00 AM - 5:00 PM,Nail Salons;Waxing,"18 Kilmarnock St, Boston, MA 02215"
Joi Salon,4.5 star rating,Closed;10:00 AM - 8:00 PM;10:00 AM - 8:00 PM;10:00 AM - 8:00 PM;10:00 AM - 8:00 PM;9:00 AM - 4:30 PM;Closed,Hair Salons,"2 Atlantic Ave, Boston, MA 02110"
Chinatown Pain Relief Massage,4 star rating,9:30 AM - 9:00 PM;9:30 AM - 9:00 PM;9:30 AM - 9:00 PM;9:30 AM - 9:00 PM;9:30 AM - 9:00 PM;9:30 AM - 9:00 PM;9:30 AM - 9:00 PM,Massage;Reflexology;Massage Therapy,"18 Hudson St 1F, Chinatown"
Hidden Beauty,5 star rating,11:00 AM - 7:00 PM;11:00 AM - 8:00 PM;11:00 AM - 8:00 PM;11:00 AM - 8:00 PM;11:00 AM - 8:00 PM;12:00 PM - 6:00 PM;Closed,Threading Services;Henna Artists;Eyebrow Services,"54 Summer St, Malden, MA 02148"
Kiki Beauty Supply,5 star rating,,Cosmetics & Beauty Supply,"521 Washington St, Boston, MA 02111"
Nancy's Family Salon,5 star rating,Closed;10:00 AM - 3:00 PM;Closed;10:00 AM - 6:00 PM;10:00 AM - 6:00 PM;9:00 AM - 3:00 PM;Closed,Hair Salons;Makeup Artists;Waxing,"429 Salem St, Medford, MA 02155"
Philip Edward Salon,4.5 star rating,Closed;12:00 PM - 8:00 PM;11:00 AM - 8:00 PM;11:00 AM - 8:00 PM;10:00 AM - 8:00 PM;9:00 AM - 5:00 PM;Closed,Hair Salons;Waxing,"227 Bunker Hill St, Boston, MA 02129"
Adela's Hair Studio,3.5 star rating,10:00 AM - 6:00 PM;9:00 AM - 7:00 PM;9:00 AM - 7:00 PM;9:00 AM - 7:00 PM;9:00 AM - 7:00 PM;9:00 AM - 7:00 PM;9:00 AM - 7:00 PM,Hair Salons,"92B Pinckney St, Boston, MA 02114"
Luva Hair and Day Spa,4.5 star rating,Closed;11:00 AM - 6:00 PM;11:00 AM - 6:00 PM;11:00 AM - 7:00 PM;11:00 AM - 7:00 PM;9:00 AM - 5:00 PM;Closed,Hair Salons;Massage;Skin Care,"379 Main St, Malden, MA 02148"
My Beautique Boston,5 star rating,10:00 AM - 8:00 PM;10:00 AM - 8:00 PM;10:00 AM - 8:00 PM;10:00 AM - 8:00 PM;10:00 AM - 8:00 PM;10:30 AM - 8:00 PM;10:30 AM - 8:00 PM,Permanent Makeup;Skin Care;Eyelash Service,"41 Putnam St, Office D"
Essential Advanced Skincare and Medspa,5 star rating,10:00 AM - 7:00 PM;10:00 AM - 7:00 PM;10:00 AM - 7:00 PM;10:00 AM - 7:00 PM;10:00 AM - 7:00 PM;10:00 AM - 4:00 PM;Closed,Skin Care;Massage;Eyelash Service,"358 Washington St, Ste 101"
Evolution MedSpa Boston,5 star rating,10:00 AM - 6:00 PM;10:00 AM - 6:00 PM;10:00 AM - 6:00 PM;10:00 AM - 6:00 PM;10:00 AM - 6:00 PM;Closed;Closed,Skin Care;Medical Spas;Body Contouring,"4 Pleasant St S, Ste 1"
Grettacole,3.5 star rating,9:00 AM - 8:00 PM;9:00 AM - 8:00 PM;9:00 AM - 8:00 PM;9:00 AM - 8:00 PM;9:00 AM - 8:00 PM;8:00 AM - 6:00 PM;10:00 AM - 6:00 PM,Day Spas,"10 Huntington Ave, Boston, MA 02116"
D Luxe Nail Bar,3 star rating,9:30 AM - 8:00 PM;9:30 AM - 8:00 PM;9:30 AM - 8:00 PM;9:30 AM - 8:00 PM;9:30 AM - 8:00 PM;9:30 AM - 7:00 PM;11:00 AM - 6:00 PM,Nail Salons;Waxing;Skin Care,"659 E Broadway, Boston, MA 02127"
Dillon's Russian Steam Bath,4.5 star rating,4:00 PM - 9:00 PM;11:00 AM - 10:00 PM;11:00 AM - 10:00 PM;11:00 AM - 10:00 PM;11:00 AM - 10:00 PM;11:00 AM - 8:00 PM;7:00 AM - 1:00 PM,Massage;Day Spas,"77 Chestnut St, Chelsea, MA 02150"
Le's Beauty & Nail,4 star rating,10:00 AM - 8:00 PM;10:00 AM - 8:00 PM;10:00 AM - 8:00 PM;10:00 AM - 8:00 PM;10:00 AM - 8:00 PM;10:00 AM - 8:00 PM;11:00 AM - 7:00 PM,Nail Salons;Eyelash Service;Waxing,"480 Cambridge St, Cambridge, MA 02141"
Glow Beauty Boutique,4.5 star rating,Closed;9:30 AM - 8:00 PM;9:30 AM - 8:00 PM;9:30 AM - 8:00 PM;9:30 AM - 8:00 PM;8:00 AM - 4:00 PM;Closed,Skin Care;Waxing;Medical Spas,"351A Washington St, Braintree, MA 02184"
J Beauty and Skin,5 star rating,9:00 AM - 6:00 PM;9:00 AM - 6:00 PM;9:00 AM - 6:00 PM;9:00 AM - 6:00 PM;9:00 AM - 6:00 PM;9:00 AM - 5:00 PM;Closed,Waxing;Skin Care;Eyelash Service,"704 Beaver St, Waltham, MA 02452"
Will Charles Salon,4.5 star rating,9:00 AM - 6:00 PM;6:00 AM - 8:00 PM;9:00 AM - 8:00 PM;6:00 AM - 8:00 PM;9:00 AM - 8:00 PM;8:00 AM - 5:00 PM;Closed,Hair Salons,"11 Newbury St, Fl 3"
First Class Hair Salon & Blowdry Bar By Maggie,4 star rating,10:00 AM - 7:00 PM;10:00 AM - 7:00 PM;10:00 AM - 7:00 PM;10:00 AM - 7:00 PM;10:00 AM - 7:00 PM;9:30 AM - 7:00 PM;10:00 AM - 5:00 PM,Makeup Artists;Hair Stylists,"121 Maverick St, East Boston, MA 02128"
PS Nails & Spa,4 star rating,9:30 AM - 7:00 PM;9:30 AM - 7:00 PM;9:30 AM - 7:00 PM;9:30 AM - 7:00 PM;9:30 AM - 7:00 PM;9:30 AM - 6:00 PM;10:30 AM - 5:00 PM,Nail Salons;Waxing;Eyebrow Services,"34 Gloucester St, Boston, MA 02115"
AE Lola Elena Skin Care & Electrolysis,5 star rating,,Skin Care;Hair Removal,"579 Bennington St, Boston, MA 02128"
Boston Threading,4.5 star rating,10:00 AM - 6:00 PM;10:00 AM - 6:00 PM;10:00 AM - 6:00 PM;10:00 AM - 6:00 PM;10:00 AM - 6:00 PM;10:00 AM - 6:00 PM;11:00 AM - 6:00 PM,Threading Services,"386 Washington St, Brighton"
European Wax Center,4 star rating,8:00 AM - 8:00 PM;8:00 AM - 8:00 PM;8:00 AM - 9:00 PM;8:00 AM - 9:00 PM;8:00 AM - 9:00 PM;8:00 AM - 5:00 PM;9:00 AM - 5:00 PM,Waxing;Skin Care,"309 Cambridge St, Boston, MA 02114"
Wellness Indulgence,4 star rating,10:00 AM - 9:00 PM;10:00 AM - 9:00 PM;10:00 AM - 9:00 PM;10:00 AM - 9:00 PM;10:00 AM - 9:00 PM;10:00 AM - 9:00 PM;10:00 AM - 9:00 PM,Massage,"252 Newbury St, Fl 2"
Salon Mirabella,3.5 star rating,Closed;9:00 AM - 7:00 PM;9:00 AM - 7:00 PM;9:00 AM - 7:00 PM;9:00 AM - 7:00 PM;9:00 AM - 5:00 PM;Closed,Nail Salons;Skin Care;Hair Salons,"118 Lewis Wharf, Boston, MA 02110"
Salon Mirabella,3.5 star rating,Closed;9:00 AM - 7:00 PM;9:00 AM - 7:00 PM;9:00 AM - 7:00 PM;9:00 AM - 7:00 PM;9:00 AM - 5:00 PM;Closed,Nail Salons;Skin Care;Hair Salons,"118 Lewis Wharf, Boston, MA 02110"
Deluxe Laser And Spa,4.5 star rating,Closed;10:00 AM - 7:00 PM;10:00 AM - 7:00 PM;10:00 AM - 7:00 PM;10:00 AM - 5:00 PM;10:00 AM - 5:00 PM;Closed,Laser Hair Removal;Body Contouring;Tattoo Removal,"1895 Centre St, Ste 205"
Urban Look Hair Studio,1 star rating,,Hair Salons,"236 Sumner St, Boston, MA 02128"
Coco Nail and Spa,3 star rating,9:00 AM - 7:00 PM;9:00 AM - 7:00 PM;9:00 AM - 7:00 PM;9:00 AM - 7:00 PM;9:00 AM - 7:00 PM;9:00 AM - 6:00 PM;10:00 AM - 6:00 PM,Nail Salons;Skin Care;Waxing,"1175 Walnut St, Newton Highlands, MA 02461"
JP Nails & Spa,4 star rating,9:00 AM - 7:30 PM;9:00 AM - 7:30 PM;9:00 AM - 7:30 PM;9:00 AM - 7:30 PM;9:00 AM - 7:30 PM;9:00 AM - 7:30 PM;10:00 AM - 6:30 PM,Nail Salons;Waxing,"606A Ctr St, Boston, MA 02130"
Tereza Maria Pupeza Skin Care,5 star rating,10:00 AM - 9:00 PM;10:00 AM - 9:00 PM;10:00 AM - 9:00 PM;10:00 AM - 2:00 PM;8:00 AM - 5:00 PM;8:00 AM - 5:00 PM;12:00 PM - 4:00 PM,Skin Care;Massage Therapy;Reflexology,"10 Converse Pl, Fl 3"
Healthy Foot Spa Reflexology,3 star rating,10:00 AM - 9:00 PM;10:00 AM - 9:00 PM;10:00 AM - 9:00 PM;10:00 AM - 9:00 PM;10:00 AM - 9:00 PM;10:00 AM - 9:00 PM;10:00 AM - 9:00 PM,Massage;Reflexology,"56 Kneeland St, Fl 2"
Caress Healthy Skin & Hair,4 star rating,Closed;9:30 AM - 7:30 PM;9:30 AM - 7:30 PM;9:30 AM - 7:30 PM;9:30 AM - 7:30 PM;9:30 AM - 5:00 PM;Closed,Hair Salons;Skin Care;Waxing,"499 E Broadway, Boston, MA 02127"
Acote Salon,4.5 star rating,9:00 AM - 5:30 PM;9:00 AM - 7:30 PM;9:00 AM - 7:30 PM;9:00 AM - 7:30 PM;9:00 AM - 7:30 PM;8:30 AM - 5:30 PM;Closed,Hair Salons;Makeup Artists;Eyelash Service,"132 Newbury St, Boston, MA 02116"
Fenny's Salon,4.5 star rating,10:00 AM - 6:30 PM;10:00 AM - 6:30 PM;Closed;10:00 AM - 6:30 PM;10:00 AM - 6:30 PM;9:00 AM - 5:30 PM;9:00 AM - 5:30 PM,Hair Salons;Eyebrow Services;Waxing,"1256 Washington St, Boston, MA 02118"
Marlen's Beauty Salon,4 star rating,10:00 AM - 7:00 PM;10:00 AM - 7:00 PM;Closed;10:00 AM - 7:00 PM;10:00 AM - 7:00 PM;10:00 AM - 7:00 PM;10:00 AM - 4:00 PM,Hair Salons;Nail Salons,"54 Chelsea St, East Boston, MA 02128"
Waxing The City,4.5 star rating,12:00 PM - 8:00 PM;10:00 AM - 8:00 PM;10:00 AM - 8:00 PM;10:00 AM - 8:00 PM;10:00 AM - 8:00 PM;10:00 AM - 4:00 PM;10:00 AM - 4:00 PM,Waxing;Eyelash Service,"108 Beverly St, Boston, MA 02114"
Bella Day Spa,5 star rating,,Day Spas,"416 W Broadway, Ste 2C"
Bebe Spa,4 star rating,Closed;9:00 AM - 8:00 PM;9:00 AM - 8:00 PM;9:00 AM - 8:00 PM;9:00 AM - 8:00 PM;9:00 AM - 8:00 PM;10:00 AM - 6:00 PM,Nail Salons;Hair Salons;Waxing,"1680 Beacon St, Brookline, MA 02445"
Spa Logan Inc,5 star rating,,Massage,"10 Milk St, Ste 1055"
